carrier_id,side,scenario,n_seeds,food_eaten_mean,food_eaten_std,ticks_to_first_food_mean,ticks_to_first_food_std,ticks_alive_mean,ticks_alive_std,final_energy_mean,final_energy_std,distance_traveled_mean,distance_traveled_std,mean_speed_mean,mean_speed_std,mean_speed_while_moving_mean,mean_speed_while_moving_std,moving_fraction_mean,moving_fraction_std,movement_transitions_mean,movement_transitions_std,mean_rest_bout_mean,mean_rest_bout_std,mean_move_bout_mean,mean_move_bout_std,longest_rest_mean,longest_rest_std,longest_move_mean,longest_move_std,mean_abs_turn_mean,mean_abs_turn_std,turns_per_distance_mean,turns_per_distance_std,exploration_rate_mean,exploration_rate_std,steering_alignment_mean,steering_alignment_std,state_dependence_mean,state_dependence_std,bias_over_weights_mean,bias_over_weights_std,energy_efficiency_mean,energy_efficiency_std
1,parent,uniform,10,7.5,1.9621416870348583,24.6,13.979985693841035,200.0,0.0,349.6879822957392,78.23366540892532,334.0519805431366,6.051673007898321,1.670259902715683,0.030258365039491576,1.670259902715683,0.030258365039491576,1.0,0.0,0.0,0.0,0.0,0.0,200.0,0.0,0.0,0.0,200.0,0.0,0.0809418677104768,0.012353512876914035,0.0483649923277181,0.0066198785379220975,123.5,11.84271928232701,0.8205990376845765,0.04790470747290382,1.1543969728658718,0.11014848160783176,0.8555747166408895,0.0,10.307208438376525,2.7069380724365564
1,cycle,uniform,10,6.5,1.3601470508735443,25.7,16.050233643159217,200.0,0.0,309.627377821411,54.36506155354455,331.8159326702356,3.838774927925963,1.6590796633511782,0.019193874639629783,1.6590796633511782,0.019193874639629783,1.0,0.0,0.0,0.0,0.0,0.0,200.0,0.0,0.0,0.0,200.0,0.0,0.07818255450775904,0.011251553689288396,0.047089649308172686,0.006518296127984245,127.5,10.307764064044152,0.8403266682205375,0.028101642438519366,1.1240917789889353,0.1241599517947287,0.8555747166408895,0.0,8.871439431118581,1.8960584867759356
1,parent,ahead,10,13.5,4.153311931459037,29.4,4.841487374764082,200.0,0.0,588.5396241970076,166.1402023855179,356.08935086131095,2.5552967478397206,1.7804467543065547,0.012776483739198596,1.7804467543065547,0.012776483739198596,1.0,0.0,0.0,0.0,0.0,0.0,200.0,0.0,0.0,0.0,200.0,0.0,0.08559082599300018,0.009624506043169962,0.04805874887924834,0.005265974753006098,131.0,8.306623862918075,0.8363413946788304,0.030753916705905444,1.0330855604182505,0.07374740934952738,0.8555747166408895,0.0,18.57616877101912,6.11770206404909
1,cycle,ahead,10,13.5,4.695742752749559,28.6,5.2,200.0,0.0,588.7461823599514,187.47333846779074,350.2287434667349,8.22993113157273,1.7511437173336744,0.04114965565786361,1.7511437173336744,0.04114965565786361,1.0,0.0,0.0,0.0,0.0,0.0,200.0,0.0,0.0,0.0,200.0,0.0,0.07423804667141667,0.015155050176597996,0.04224026046280975,0.008235399117942166,133.0,9.0,0.7591724215929646,0.1314063857936771,1.0053506151057598,0.18149986012891053,0.8555747166408895,0.0,18.663943389269466,6.769617320181702
1,parent,behind,10,4.0,1.8973665961010275,166.2,9.314504817756013,200.0,0.0,210.49029492590904,75.90540524538099,326.10660315155985,1.1410474157300197,1.6305330157577993,0.005705237078650109,1.6305330157577993,0.005705237078650109,1.0,0.0,0.0,0.0,0.0,0.0,200.0,0.0,0.0,0.0,200.0,0.0,0.04043749165146437,0.003794411553545686,0.024798162739897045,0.0022970048209701747,131.0,3.7416573867739413,0.6073723142450262,0.06481616597866016,0.39168610596636055,0.056346583382577524,0.8555747166408895,0.0,5.569468963230809,2.67682152901264
1,cycle,behind,10,0.0,0.0,200.0,0.0,200.0,0.0,51.11726691042899,0.0,313.73832643032074,0.0,1.5686916321516038,0.0,1.5686916321516038,0.0,1.0,0.0,0.0,0.0,0.0,0.0,200.0,0.0,0.0,0.0,200.0,0.0,0.01958167680539191,0.0,0.012482808223139338,0.0,130.0,0.0,0.0,0.0,0.0,0.0,0.8555747166408895,0.0,0.0,0.0
1,parent,left_right,10,11.9,2.7367864366808017,40.9,2.5475478405713994,200.0,0.0,525.0863659298394,109.26675250840434,347.05257928669454,6.0581826931078195,1.7352628964334726,0.030290913465539096,1.7352628964334726,0.030290913465539096,1.0,0.0,0.0,0.0,0.0,0.0,200.0,0.0,0.0,0.0,200.0,0.0,0.07610051058290264,0.014496518586395016,0.04373840915586353,0.007711329683557029,134.0,7.0,0.7367181866551566,0.10135612572878669,0.9421632486931864,0.1312343907842681,0.8555747166408895,0.0,16.442185924617675,3.9008504680231666
1,cycle,left_right,10,11.3,3.7960505792204615,41.0,2.8635642126552705,200.0,0.0,500.9715057250431,151.5725175287556,346.3286003082991,8.00019327663262,1.7316430015414954,0.04000096638316307,1.7316430015414954,0.04000096638316307,1.0,0.0,0.0,0.0,0.0,0.0,200.0,0.0,0.0,0.0,200.0,0.0,0.0712064259543331,0.013730884504839285,0.040969539480195785,0.00726640252978251,134.0,9.16515138991168,0.7468271260027642,0.07648104755220361,0.9325555654417045,0.14062852768917883,0.8555747166408895,0.0,15.538150735550829,5.436902834256265
1,parent,sparse,10,3.4,1.5620499351813308,70.2,48.850383826537126,200.0,0.0,186.6875711437494,62.28041951940442,319.4778420388699,3.836802459547047,1.5973892101943492,0.0191840122977352,1.5973892101943492,0.0191840122977352,1.0,0.0,0.0,0.0,0.0,0.0,200.0,0.0,0.0,0.0,200.0,0.0,0.053853675430684235,0.010672285941560873,0.0336582733540829,0.0064044306936681,124.0,6.6332495807108,0.8531059036710551,0.03835659211980575,0.8676849825422723,0.20754741724652834,0.8555747166408895,0.0,4.7259199391645375,2.18147950294003
1,cycle,sparse,10,2.7,1.676305461424021,87.3,61.79652093767092,200.0,0.0,158.7378685813889,66.85473582238534,316.348802947998,3.932837960601772,1.5817440147399902,0.019664189803008863,1.5817440147399902,0.019664189803008863,1.0,0.0,0.0,0.0,0.0,0.0,200.0,0.0,0.0,0.0,200.0,0.0,0.04446912712106132,0.009917297512247507,0.02810335026141655,0.006231146902537285,116.5,15.008331019803634,0.8499230639256845,0.040415501494725316,0.856840706504493,0.2488171366010528,0.8555747166408895,0.0,3.747840927896315,2.330176566154826
1,parent,dense,10,8.9,2.467792535850613,27.3,16.02529250903084,200.0,0.0,405.06500602009123,98.80578855351341,343.50214045643804,5.432541089775439,1.7175107022821903,0.02716270544887717,1.7175107022821903,0.02716270544887717,1.0,0.0,0.0,0.0,0.0,0.0,200.0,0.0,0.0,0.0,200.0,0.0,0.0959886957088238,0.012536406737018793,0.0558509390636126,0.006949906012877117,121.5,15.5,0.8145189009636561,0.04250738754700217,1.075376938796767,0.11337833288663746,0.8555747166408895,0.0,12.123072918958872,3.5675719679375555
1,cycle,dense,10,10.4,2.727636339397171,25.4,13.373107342723307,200.0,0.0,464.87177024419873,109.13653362433874,344.1271567940712,3.359562850484115,1.7206357839703559,0.01679781425242055,1.7206357839703559,0.01679781425242055,1.0,0.0,0.0,0.0,0.0,0.0,200.0,0.0,0.0,0.0,200.0,0.0,0.09218719160988258,0.007795455923325002,0.053542836650415426,0.004034898599804943,131.5,8.077747210701755,0.8349539704260068,0.026437717855292784,1.092034059285222,0.11997202766940712,0.8555747166408895,0.0,14.175409582866848,3.927171460936605
1,parent,relocating,10,0.0,0.0,200.0,0.0,200.0,0.0,50.36952375446302,0.9876329719452968,326.8657710403204,14.279903965159058,1.634328855201602,0.07139951982579525,1.634328855201602,0.07139951982579525,1.0,0.0,0.0,0.0,0.0,0.0,200.0,0.0,0.0,0.0,200.0,0.0,0.04871876935225737,0.027647761446227395,0.02914953299491109,0.015339397152570875,133.0,5.0990195135927845,0.29858456933711974,0.36602820815105697,0.31226899810221015,0.3846106830587434,0.8555747166408895,0.0,0.0,0.0
1,cycle,relocating,10,0.0,0.0,200.0,0.0,200.0,0.0,50.19141013202956,0.967432880760575,326.87092098891736,13.606235137660182,1.6343546049445867,0.06803117568830086,1.6343546049445867,0.06803117568830086,1.0,0.0,0.0,0.0,0.0,0.0,200.0,0.0,0.0,0.0,200.0,0.0,0.046504381852355434,0.029793069562837057,0.027788506059047098,0.016937983283691206,130.5,3.5,0.3597006157154938,0.36215691932190447,0.3161614243444128,0.332978891804796,0.8555747166408895,0.0,0.0,0.0
1,parent,smell_blanked,10,7.5,1.9621416870348583,24.6,13.979985693841035,200.0,0.0,349.6879822957392,78.23366540892532,334.0519805431366,6.051673007898321,1.670259902715683,0.030258365039491576,1.670259902715683,0.030258365039491576,1.0,0.0,0.0,0.0,0.0,0.0,200.0,0.0,0.0,0.0,200.0,0.0,0.0809418677104768,0.012353512876914035,0.0483649923277181,0.0066198785379220975,123.5,11.84271928232701,0.8205990376845765,0.04790470747290382,1.1543969728658718,0.11014848160783176,0.8555747166408895,0.0,10.307208438376525,2.7069380724365564
1,cycle,smell_blanked,10,6.5,1.3601470508735443,25.7,16.050233643159217,200.0,0.0,309.627377821411,54.36506155354455,331.8159326702356,3.838774927925963,1.6590796633511782,0.019193874639629783,1.6590796633511782,0.019193874639629783,1.0,0.0,0.0,0.0,0.0,0.0,200.0,0.0,0.0,0.0,200.0,0.0,0.07818255450775904,0.011251553689288396,0.047089649308172686,0.006518296127984245,127.5,10.307764064044152,0.8403266682205375,0.028101642438519366,1.1240917789889353,0.1241599517947287,0.8555747166408895,0.0,8.871439431118581,1.8960584867759356
2,parent,uniform,10,8.2,2.6758176320519302,31.0,18.23184028012532,200.0,0.0,377.95008792627914,107.09653810603997,328.6173323571682,3.955715981418967,1.643086661785841,0.019778579907094876,1.643086661785841,0.019778579907094876,1.0,0.0,0.0,0.0,0.0,0.0,200.0,0.0,0.0,0.0,200.0,0.0,0.08190454558635975,0.00876947637206057,0.04984686404390702,0.00529591282216192,123.5,10.965856099730654,0.8919195232740542,0.019304871378011384,1.1119089851410504,0.10228439436923745,0.8168732510934749,0.0,11.458963965151963,3.9417781851240763
2,cycle,uniform,10,6.7,1.676305461424021,38.1,17.874283202411224,200.0,0.0,318.3145352047848,67.02682689069125,319.15999472737315,2.9525682605736585,1.5957999736368658,0.0147628413028683,1.5957999736368658,0.0147628413028683,1.0,0.0,0.0,0.0,0.0,0.0,200.0,0.0,0.0,0.0,200.0,0.0,0.07274650588468648,0.00976106393874988,0.04558387065376301,0.006075150762737428,117.5,9.013878188659973,0.8601721031682492,0.03481702373830017,1.0731760591952444,0.09378243648946648,0.8168732510934749,0.0,9.369056929059576,2.4471550980930923
2,parent,ahead,10,23.4,4.409081537009721,33.1,13.23971298782568,200.0,0.0,984.583539958422,176.34500288562003,362.16896268725395,1.8622194671776657,1.8108448134362698,0.00931109733588835,1.8108448134362698,0.00931109733588835,1.0,0.0,0.0,0.0,0.0,0.0,200.0,0.0,0.0,0.0,200.0,0.0,0.050801190721911554,0.007669114767774818,0.028045803917916664,0.004167137998611784,137.0,10.535653752852738,0.8800526674023951,0.027429952712101267,0.8922251018842615,0.16075522569136447,0.8168732510934749,0.0,33.95945194427067,7.292167464973874
2,cycle,ahead,10,11.9,5.769748694700662,30.0,7.0,200.0,0.0,525.5218485068298,230.04225813138055,337.43804178535936,14.938119773611879,1.687190208926797,0.07469059886805943,1.687190208926797,0.07469059886805943,1.0,0.0,0.0,0.0,0.0,0.0,200.0,0.0,0.0,0.0,200.0,0.0,0.06062494039041485,0.01620003058305173,0.03562096194278681,0.008429736884536736,126.5,12.459935794377111,0.656218908527318,0.21010370081623578,0.8325943597048443,0.26200973260877697,0.8168732510934749,0.0,16.688549617451994,8.311518278975978
2,parent,behind,10,6.9,2.0223748416156684,152.4,6.1351446600711865,200.0,0.0,326.32846038151223,80.85280740262883,330.28737640678884,1.0617679992931677,1.651436882033944,0.005308839996465828,1.651436882033944,0.005308839996465828,1.0,0.0,0.0,0.0,0.0,0.0,200.0,0.0,0.0,0.0,200.0,0.0,0.03571707981491636,0.0036885466478620977,0.021626429606334478,0.002218442160930013,129.0,3.7416573867739413,0.6024434999938748,0.11234952229738047,0.40791693545232166,0.09787934427193631,0.8168732510934749,0.0,9.684076156676339,2.9336823657594295
2,cycle,behind,10,1.4,1.019803902718557,181.7,11.243220179290272,200.0,0.0,106.97703248067289,40.75619350319691,313.3542902201414,1.184168660440531,1.5667714511007071,0.0059208433022026686,1.5667714511007071,0.0059208433022026686,1.0,0.0,0.0,0.0,0.0,0.0,200.0,0.0,0.0,0.0,200.0,0.0,0.0355253008319778,0.0027801395161982864,0.02267449729957435,0.0017730526145986764,113.5,3.2015621187164243,0.533343814023619,0.19619000777435147,0.32670262960579105,0.0807635280384458,0.8168732510934749,0.0,1.9502803929186197,1.4275500541485713
2,parent,left_right,10,18.7,4.1,41.7,2.8653097563788807,200.0,0.0,796.8248216746849,163.9750345583754,355.3779474198818,3.706944217404141,1.776889737099409,0.018534721087020697,1.776889737099409,0.018534721087020697,1.0,0.0,0.0,0.0,0.0,0.0,200.0,0.0,0.0,0.0,200.0,0.0,0.06062809543245385,0.0033432909936076958,0.03412951661120305,0.0020115114777229264,135.5,14.739402972983676,0.8846250921397151,0.03202527193642771,0.9064397826007915,0.17542389431763866,0.8168732510934749,0.0,26.651948124557475,6.352619208432026
2,cycle,left_right,10,11.1,3.753664875824692,40.9,2.9137604568666933,200.0,0.0,493.4833794506862,149.73216553889617,337.503857588768,9.158625967456341,1.68751928794384,0.045793129837281746,1.68751928794384,0.045793129837281746,1.0,0.0,0.0,0.0,0.0,0.0,200.0,0.0,0.0,0.0,200.0,0.0,0.06414276698770117,0.011459165554804938,0.03794248529010262,0.006344632032729673,124.5,9.340770846134703,0.7325261440526816,0.08443239238822528,0.8604225507002704,0.19406536305397812,0.8168732510934749,0.0,15.456621411189403,5.314932330960375
2,parent,sparse,10,3.3,1.4866068747318506,72.1,50.1765881661956,200.0,0.0,182.74884818535682,59.40188578609667,319.6989096701145,2.6242097522294947,1.5984945483505726,0.013121048761147452,1.5984945483505726,0.013121048761147452,1.0,0.0,0.0,0.0,0.0,0.0,200.0,0.0,0.0,0.0,200.0,0.0,0.04662063311365637,0.011623411235621776,0.0291351554224572,0.007155269423833325,123.0,9.0,0.8642499309747927,0.08067182283322887,0.7591421878380417,0.37476845447761664,0.8168732510934749,0.0,4.603144284295714,2.0816113769653444
2,cycle,sparse,10,3.3,1.6155494421403511,68.2,25.922191265400386,200.0,0.0,183.07489549831476,64.54162871461094,310.4108947634697,2.7962211736189824,1.5520544738173485,0.013981105868094925,1.5520544738173485,0.013981105868094925,1.0,0.0,0.0,0.0,0.0,0.0,200.0,0.0,0.0,0.0,200.0,0.0,0.040455976351207935,0.0052659850656736566,0.026057534090836512,0.003315355768324817,119.0,5.830951894845301,0.8382915542307858,0.0375583141680655,0.7209693488028659,0.2170795408806036,0.8168732510934749,0.0,4.656763395481717,2.302306904917172
2,parent,dense,10,11.6,1.4966629547095767,14.4,8.46404158779953,200.0,0.0,513.0989447388856,59.97843366458497,344.71498239040375,4.109707662124514,1.7235749119520187,0.020548538310622543,1.7235749119520187,0.020548538310622543,1.0,0.0,0.0,0.0,0.0,0.0,200.0,0.0,0.0,0.0,200.0,0.0,0.08653061415977573,0.011302077814211064,0.05017866909797413,0.006327269381226423,129.0,12.409673645990857,0.865164799004899,0.021899643539421552,1.1013129483364676,0.09406101454719824,0.8168732510934749,0.0,15.97927258034841,2.2385574144060296
2,cycle,dense,10,8.3,2.1,29.6,14.520330574749323,200.0,0.0,381.8350960492786,83.96531912432677,326.457628941536,5.056811292710724,1.6322881447076798,0.02528405646355365,1.6322881447076798,0.02528405646355365,1.0,0.0,0.0,0.0,0.0,0.0,200.0,0.0,0.0,0.0,200.0,0.0,0.08420225036450574,0.010204816882780316,0.05152701610646465,0.005686331221814474,121.5,11.412712210513327,0.8532937143836544,0.03649979434402609,1.0110606131206659,0.11419984899324172,0.8168732510934749,0.0,11.522397472174545,3.031131635944179
2,parent,relocating,10,18.4,24.18346542578214,150.5,60.88554836740817,200.0,0.0,786.3304756859757,966.4235939278159,328.9629894286394,17.056321177357837,1.644814947143197,0.08528160588678918,1.644814947143197,0.08528160588678918,1.0,0.0,0.0,0.0,0.0,0.0,200.0,0.0,0.0,0.0,200.0,0.0,0.04213748425929225,0.01712619801602105,0.025168328496884086,0.008963403085807073,125.0,8.660254037844387,0.34602378996522065,0.4240744541630733,0.18349347779721842,0.22953818807735962,0.8168732510934749,0.0,32.38291983938812,44.295044477459655
2,cycle,relocating,10,0.0,0.0,200.0,0.0,200.0,0.0,50.98287614444819,1.085911497765564,312.9676992148161,17.166904919339505,1.5648384960740804,0.08583452459669748,1.5648384960740804,0.08583452459669748,1.0,0.0,0.0,0.0,0.0,0.0,200.0,0.0,0.0,0.0,200.0,0.0,0.03687388948106673,0.022846754129406947,0.022892366792096993,0.012305970416153063,115.0,8.06225774829855,0.23193628705416794,0.3543440534785245,0.20210401860133909,0.35195454628313405,0.8168732510934749,0.0,0.0,0.0
2,parent,smell_blanked,10,8.2,2.6758176320519302,31.0,18.23184028012532,200.0,0.0,377.95008792627914,107.09653810603997,328.6173323571682,3.955715981418967,1.643086661785841,0.019778579907094876,1.643086661785841,0.019778579907094876,1.0,0.0,0.0,0.0,0.0,0.0,200.0,0.0,0.0,0.0,200.0,0.0,0.08190454558635975,0.00876947637206057,0.04984686404390702,0.00529591282216192,123.5,10.965856099730654,0.8919195232740542,0.019304871378011384,1.1119089851410504,0.10228439436923745,0.8168732510934749,0.0,11.458963965151963,3.9417781851240763
2,cycle,smell_blanked,10,6.7,1.676305461424021,38.1,17.874283202411224,200.0,0.0,318.3145352047848,67.02682689069125,319.15999472737315,2.9525682605736585,1.5957999736368658,0.0147628413028683,1.5957999736368658,0.0147628413028683,1.0,0.0,0.0,0.0,0.0,0.0,200.0,0.0,0.0,0.0,200.0,0.0,0.07274650588468648,0.00976106393874988,0.04558387065376301,0.006075150762737428,117.5,9.013878188659973,0.8601721031682492,0.03481702373830017,1.0731760591952444,0.09378243648946648,0.8168732510934749,0.0,9.369056929059576,2.4471550980930923
